--
-- PostgreSQL database dump
--

-- Dumped from database version 17.4
-- Dumped by pg_dump version 17.4

-- Started on 2025-05-14 02:46:11

SET statement_timeout = 0;
SET lock_timeout = 0;
SET idle_in_transaction_session_timeout = 0;
SET transaction_timeout = 0;
SET client_encoding = 'UTF8';
SET standard_conforming_strings = on;
SELECT pg_catalog.set_config('search_path', '', false);
SET check_function_bodies = false;
SET xmloption = content;
SET client_min_messages = warning;
SET row_security = off;

SET default_tablespace = '';

SET default_table_access_method = heap;

--
-- TOC entry 242 (class 1259 OID 33111)
-- Name: auth_group; Type: TABLE; Schema: public; Owner: postgres
--

CREATE TABLE public.auth_group (
    id integer NOT NULL,
    name character varying(150) NOT NULL
);


ALTER TABLE public.auth_group OWNER TO postgres;

--
-- TOC entry 241 (class 1259 OID 33110)
-- Name: auth_group_id_seq; Type: SEQUENCE; Schema: public; Owner: postgres
--

ALTER TABLE public.auth_group ALTER COLUMN id ADD GENERATED BY DEFAULT AS IDENTITY (
    SEQUENCE NAME public.auth_group_id_seq
    START WITH 1
    INCREMENT BY 1
    NO MINVALUE
    NO MAXVALUE
    CACHE 1
);


--
-- TOC entry 244 (class 1259 OID 33119)
-- Name: auth_group_permissions; Type: TABLE; Schema: public; Owner: postgres
--

CREATE TABLE public.auth_group_permissions (
    id bigint NOT NULL,
    group_id integer NOT NULL,
    permission_id integer NOT NULL
);


ALTER TABLE public.auth_group_permissions OWNER TO postgres;

--
-- TOC entry 243 (class 1259 OID 33118)
-- Name: auth_group_permissions_id_seq; Type: SEQUENCE; Schema: public; Owner: postgres
--

ALTER TABLE public.auth_group_permissions ALTER COLUMN id ADD GENERATED BY DEFAULT AS IDENTITY (
    SEQUENCE NAME public.auth_group_permissions_id_seq
    START WITH 1
    INCREMENT BY 1
    NO MINVALUE
    NO MAXVALUE
    CACHE 1
);


--
-- TOC entry 240 (class 1259 OID 33105)
-- Name: auth_permission; Type: TABLE; Schema: public; Owner: postgres
--

CREATE TABLE public.auth_permission (
    id integer NOT NULL,
    name character varying(255) NOT NULL,
    content_type_id integer NOT NULL,
    codename character varying(100) NOT NULL
);


ALTER TABLE public.auth_permission OWNER TO postgres;

--
-- TOC entry 239 (class 1259 OID 33104)
-- Name: auth_permission_id_seq; Type: SEQUENCE; Schema: public; Owner: postgres
--

ALTER TABLE public.auth_permission ALTER COLUMN id ADD GENERATED BY DEFAULT AS IDENTITY (
    SEQUENCE NAME public.auth_permission_id_seq
    START WITH 1
    INCREMENT BY 1
    NO MINVALUE
    NO MAXVALUE
    CACHE 1
);


--
-- TOC entry 246 (class 1259 OID 33125)
-- Name: auth_user; Type: TABLE; Schema: public; Owner: postgres
--

CREATE TABLE public.auth_user (
    id integer NOT NULL,
    password character varying(128) NOT NULL,
    last_login timestamp with time zone,
    is_superuser boolean NOT NULL,
    username character varying(150) NOT NULL,
    first_name character varying(150) NOT NULL,
    last_name character varying(150) NOT NULL,
    email character varying(254) NOT NULL,
    is_staff boolean NOT NULL,
    is_active boolean NOT NULL,
    date_joined timestamp with time zone NOT NULL
);


ALTER TABLE public.auth_user OWNER TO postgres;

--
-- TOC entry 248 (class 1259 OID 33133)
-- Name: auth_user_groups; Type: TABLE; Schema: public; Owner: postgres
--

CREATE TABLE public.auth_user_groups (
    id bigint NOT NULL,
    user_id integer NOT NULL,
    group_id integer NOT NULL
);


ALTER TABLE public.auth_user_groups OWNER TO postgres;

--
-- TOC entry 247 (class 1259 OID 33132)
-- Name: auth_user_groups_id_seq; Type: SEQUENCE; Schema: public; Owner: postgres
--

ALTER TABLE public.auth_user_groups ALTER COLUMN id ADD GENERATED BY DEFAULT AS IDENTITY (
    SEQUENCE NAME public.auth_user_groups_id_seq
    START WITH 1
    INCREMENT BY 1
    NO MINVALUE
    NO MAXVALUE
    CACHE 1
);


--
-- TOC entry 245 (class 1259 OID 33124)
-- Name: auth_user_id_seq; Type: SEQUENCE; Schema: public; Owner: postgres
--

ALTER TABLE public.auth_user ALTER COLUMN id ADD GENERATED BY DEFAULT AS IDENTITY (
    SEQUENCE NAME public.auth_user_id_seq
    START WITH 1
    INCREMENT BY 1
    NO MINVALUE
    NO MAXVALUE
    CACHE 1
);


--
-- TOC entry 250 (class 1259 OID 33139)
-- Name: auth_user_user_permissions; Type: TABLE; Schema: public; Owner: postgres
--

CREATE TABLE public.auth_user_user_permissions (
    id bigint NOT NULL,
    user_id integer NOT NULL,
    permission_id integer NOT NULL
);


ALTER TABLE public.auth_user_user_permissions OWNER TO postgres;

--
-- TOC entry 249 (class 1259 OID 33138)
-- Name: auth_user_user_permissions_id_seq; Type: SEQUENCE; Schema: public; Owner: postgres
--

ALTER TABLE public.auth_user_user_permissions ALTER COLUMN id ADD GENERATED BY DEFAULT AS IDENTITY (
    SEQUENCE NAME public.auth_user_user_permissions_id_seq
    START WITH 1
    INCREMENT BY 1
    NO MINVALUE
    NO MAXVALUE
    CACHE 1
);


--
-- TOC entry 217 (class 1259 OID 32929)
-- Name: consulta_externa; Type: TABLE; Schema: public; Owner: postgres
--

CREATE TABLE public.consulta_externa (
    id_consulta integer NOT NULL,
    id_paciente integer NOT NULL,
    id_profesional integer,
    temperatura numeric(4,1),
    pulso integer,
    respiracion integer,
    presion_arterial character varying(20),
    peso numeric(5,2),
    fecha_consulta date,
    hora_consulta time without time zone,
    descripcion text
);


ALTER TABLE public.consulta_externa OWNER TO postgres;

--
-- TOC entry 218 (class 1259 OID 32934)
-- Name: consulta_externa_id_consulta_seq; Type: SEQUENCE; Schema: public; Owner: postgres
--

CREATE SEQUENCE public.consulta_externa_id_consulta_seq
    AS integer
    START WITH 1
    INCREMENT BY 1
    NO MINVALUE
    NO MAXVALUE
    CACHE 1;


ALTER SEQUENCE public.consulta_externa_id_consulta_seq OWNER TO postgres;

--
-- TOC entry 5128 (class 0 OID 0)
-- Dependencies: 218
-- Name: consulta_externa_id_consulta_seq; Type: SEQUENCE OWNED BY; Schema: public; Owner: postgres
--

ALTER SEQUENCE public.consulta_externa_id_consulta_seq OWNED BY public.consulta_externa.id_consulta;


--
-- TOC entry 252 (class 1259 OID 33197)
-- Name: django_admin_log; Type: TABLE; Schema: public; Owner: postgres
--

CREATE TABLE public.django_admin_log (
    id integer NOT NULL,
    action_time timestamp with time zone NOT NULL,
    object_id text,
    object_repr character varying(200) NOT NULL,
    action_flag smallint NOT NULL,
    change_message text NOT NULL,
    content_type_id integer,
    user_id integer NOT NULL,
    CONSTRAINT django_admin_log_action_flag_check CHECK ((action_flag >= 0))
);


ALTER TABLE public.django_admin_log OWNER TO postgres;

--
-- TOC entry 251 (class 1259 OID 33196)
-- Name: django_admin_log_id_seq; Type: SEQUENCE; Schema: public; Owner: postgres
--

ALTER TABLE public.django_admin_log ALTER COLUMN id ADD GENERATED BY DEFAULT AS IDENTITY (
    SEQUENCE NAME public.django_admin_log_id_seq
    START WITH 1
    INCREMENT BY 1
    NO MINVALUE
    NO MAXVALUE
    CACHE 1
);


--
-- TOC entry 238 (class 1259 OID 33097)
-- Name: django_content_type; Type: TABLE; Schema: public; Owner: postgres
--

CREATE TABLE public.django_content_type (
    id integer NOT NULL,
    app_label character varying(100) NOT NULL,
    model character varying(100) NOT NULL
);


ALTER TABLE public.django_content_type OWNER TO postgres;

--
-- TOC entry 237 (class 1259 OID 33096)
-- Name: django_content_type_id_seq; Type: SEQUENCE; Schema: public; Owner: postgres
--

ALTER TABLE public.django_content_type ALTER COLUMN id ADD GENERATED BY DEFAULT AS IDENTITY (
    SEQUENCE NAME public.django_content_type_id_seq
    START WITH 1
    INCREMENT BY 1
    NO MINVALUE
    NO MAXVALUE
    CACHE 1
);


--
-- TOC entry 236 (class 1259 OID 33089)
-- Name: django_migrations; Type: TABLE; Schema: public; Owner: postgres
--

CREATE TABLE public.django_migrations (
    id bigint NOT NULL,
    app character varying(255) NOT NULL,
    name character varying(255) NOT NULL,
    applied timestamp with time zone NOT NULL
);


ALTER TABLE public.django_migrations OWNER TO postgres;

--
-- TOC entry 235 (class 1259 OID 33088)
-- Name: django_migrations_id_seq; Type: SEQUENCE; Schema: public; Owner: postgres
--

ALTER TABLE public.django_migrations ALTER COLUMN id ADD GENERATED BY DEFAULT AS IDENTITY (
    SEQUENCE NAME public.django_migrations_id_seq
    START WITH 1
    INCREMENT BY 1
    NO MINVALUE
    NO MAXVALUE
    CACHE 1
);


--
-- TOC entry 253 (class 1259 OID 33225)
-- Name: django_session; Type: TABLE; Schema: public; Owner: postgres
--

CREATE TABLE public.django_session (
    session_key character varying(40) NOT NULL,
    session_data text NOT NULL,
    expire_date timestamp with time zone NOT NULL
);


ALTER TABLE public.django_session OWNER TO postgres;

--
-- TOC entry 219 (class 1259 OID 32935)
-- Name: emergencia; Type: TABLE; Schema: public; Owner: postgres
--

CREATE TABLE public.emergencia (
    id_emergencia integer NOT NULL,
    id_paciente integer NOT NULL,
    id_profesional integer,
    con_quien_llego character varying(100),
    fecha date,
    edad integer,
    temperatura numeric(4,1),
    frecuencia_cardiaca integer,
    presion_arterial character varying(20),
    frecuencia_respiratoria integer,
    descripcion text
);


ALTER TABLE public.emergencia OWNER TO postgres;

--
-- TOC entry 220 (class 1259 OID 32940)
-- Name: emergencia_id_emergencia_seq; Type: SEQUENCE; Schema: public; Owner: postgres
--

CREATE SEQUENCE public.emergencia_id_emergencia_seq
    AS integer
    START WITH 1
    INCREMENT BY 1
    NO MINVALUE
    NO MAXVALUE
    CACHE 1;


ALTER SEQUENCE public.emergencia_id_emergencia_seq OWNER TO postgres;

--
-- TOC entry 5129 (class 0 OID 0)
-- Dependencies: 220
-- Name: emergencia_id_emergencia_seq; Type: SEQUENCE OWNED BY; Schema: public; Owner: postgres
--

ALTER SEQUENCE public.emergencia_id_emergencia_seq OWNED BY public.emergencia.id_emergencia;


--
-- TOC entry 221 (class 1259 OID 32941)
-- Name: historial_clinico; Type: TABLE; Schema: public; Owner: postgres
--

CREATE TABLE public.historial_clinico (
    id_historial integer NOT NULL,
    id_consulta_externa integer,
    id_emergencia integer,
    id_internacion integer
);


ALTER TABLE public.historial_clinico OWNER TO postgres;

--
-- TOC entry 222 (class 1259 OID 32944)
-- Name: historial_clinico_id_historial_seq; Type: SEQUENCE; Schema: public; Owner: postgres
--

CREATE SEQUENCE public.historial_clinico_id_historial_seq
    AS integer
    START WITH 1
    INCREMENT BY 1
    NO MINVALUE
    NO MAXVALUE
    CACHE 1;


ALTER SEQUENCE public.historial_clinico_id_historial_seq OWNER TO postgres;

--
-- TOC entry 5130 (class 0 OID 0)
-- Dependencies: 222
-- Name: historial_clinico_id_historial_seq; Type: SEQUENCE OWNED BY; Schema: public; Owner: postgres
--

ALTER SEQUENCE public.historial_clinico_id_historial_seq OWNED BY public.historial_clinico.id_historial;


--
-- TOC entry 223 (class 1259 OID 32945)
-- Name: hospital; Type: TABLE; Schema: public; Owner: postgres
--

CREATE TABLE public.hospital (
    id_hospital integer NOT NULL,
    nombre character varying(100),
    nivel character varying(50),
    ubicacion text
);


ALTER TABLE public.hospital OWNER TO postgres;

--
-- TOC entry 224 (class 1259 OID 32950)
-- Name: hospital_id_hospital_seq; Type: SEQUENCE; Schema: public; Owner: postgres
--

CREATE SEQUENCE public.hospital_id_hospital_seq
    AS integer
    START WITH 1
    INCREMENT BY 1
    NO MINVALUE
    NO MAXVALUE
    CACHE 1;


ALTER SEQUENCE public.hospital_id_hospital_seq OWNER TO postgres;

--
-- TOC entry 5131 (class 0 OID 0)
-- Dependencies: 224
-- Name: hospital_id_hospital_seq; Type: SEQUENCE OWNED BY; Schema: public; Owner: postgres
--

ALTER SEQUENCE public.hospital_id_hospital_seq OWNED BY public.hospital.id_hospital;


--
-- TOC entry 225 (class 1259 OID 32951)
-- Name: huella_dactilar; Type: TABLE; Schema: public; Owner: postgres
--

CREATE TABLE public.huella_dactilar (
    id_huella integer NOT NULL,
    id_paciente integer NOT NULL,
    dedo character varying(20),
    fecha_captura timestamp without time zone DEFAULT CURRENT_TIMESTAMP
);


ALTER TABLE public.huella_dactilar OWNER TO postgres;

--
-- TOC entry 226 (class 1259 OID 32955)
-- Name: huella_dactilar_id_huella_seq; Type: SEQUENCE; Schema: public; Owner: postgres
--

CREATE SEQUENCE public.huella_dactilar_id_huella_seq
    AS integer
    START WITH 1
    INCREMENT BY 1
    NO MINVALUE
    NO MAXVALUE
    CACHE 1;


ALTER SEQUENCE public.huella_dactilar_id_huella_seq OWNER TO postgres;

--
-- TOC entry 5132 (class 0 OID 0)
-- Dependencies: 226
-- Name: huella_dactilar_id_huella_seq; Type: SEQUENCE OWNED BY; Schema: public; Owner: postgres
--

ALTER SEQUENCE public.huella_dactilar_id_huella_seq OWNED BY public.huella_dactilar.id_huella;


--
-- TOC entry 227 (class 1259 OID 32956)
-- Name: internacion; Type: TABLE; Schema: public; Owner: postgres
--

CREATE TABLE public.internacion (
    id_internacion integer NOT NULL,
    fecha_ingreso date,
    fecha_alta date,
    diagnostico text,
    sala character varying(50),
    cama character varying(20),
    id_paciente integer,
    id_profesional integer
);


ALTER TABLE public.internacion OWNER TO postgres;

--
-- TOC entry 228 (class 1259 OID 32961)
-- Name: internacion_id_internacion_seq; Type: SEQUENCE; Schema: public; Owner: postgres
--

CREATE SEQUENCE public.internacion_id_internacion_seq
    AS integer
    START WITH 1
    INCREMENT BY 1
    NO MINVALUE
    NO MAXVALUE
    CACHE 1;


ALTER SEQUENCE public.internacion_id_internacion_seq OWNER TO postgres;

--
-- TOC entry 5133 (class 0 OID 0)
-- Dependencies: 228
-- Name: internacion_id_internacion_seq; Type: SEQUENCE OWNED BY; Schema: public; Owner: postgres
--

ALTER SEQUENCE public.internacion_id_internacion_seq OWNED BY public.internacion.id_internacion;


--
-- TOC entry 229 (class 1259 OID 32962)
-- Name: registro_paciente; Type: TABLE; Schema: public; Owner: postgres
--

CREATE TABLE public.registro_paciente (
    id_paciente integer NOT NULL,
    idioma_hablado character varying(50),
    cedula_identidad character varying(20),
    nombres character varying(100),
    apellidos character varying(100),
    fecha_nacimiento date,
    sexo character varying(10),
    direccion text,
    telefono character varying(20),
    numero_emergencia character varying(20),
    correo character varying(100),
    grupo_sanguineo character varying(5),
    alergias text,
    enfermedades_base text,
    fecha_registro timestamp without time zone DEFAULT CURRENT_TIMESTAMP,
    fecha_actualizacion timestamp without time zone
);


ALTER TABLE public.registro_paciente OWNER TO postgres;

--
-- TOC entry 230 (class 1259 OID 32968)
-- Name: registro_paciente_id_paciente_seq; Type: SEQUENCE; Schema: public; Owner: postgres
--

CREATE SEQUENCE public.registro_paciente_id_paciente_seq
    AS integer
    START WITH 1
    INCREMENT BY 1
    NO MINVALUE
    NO MAXVALUE
    CACHE 1;


ALTER SEQUENCE public.registro_paciente_id_paciente_seq OWNER TO postgres;

--
-- TOC entry 5134 (class 0 OID 0)
-- Dependencies: 230
-- Name: registro_paciente_id_paciente_seq; Type: SEQUENCE OWNED BY; Schema: public; Owner: postgres
--

ALTER SEQUENCE public.registro_paciente_id_paciente_seq OWNED BY public.registro_paciente.id_paciente;


--
-- TOC entry 231 (class 1259 OID 32969)
-- Name: registro_profesional; Type: TABLE; Schema: public; Owner: postgres
--

CREATE TABLE public.registro_profesional (
    id_profesional integer NOT NULL,
    nombres character varying(100),
    apellidos character varying(100),
    cedula_identidad character varying(20),
    usuario character varying(50),
    contrasena text,
    especialidad character varying(100),
    rol character varying(50),
    activo boolean DEFAULT true,
    fecha_registro timestamp without time zone DEFAULT CURRENT_TIMESTAMP,
    id_hospital integer
);


ALTER TABLE public.registro_profesional OWNER TO postgres;

--
-- TOC entry 232 (class 1259 OID 32976)
-- Name: registro_profesional_id_profesional_seq; Type: SEQUENCE; Schema: public; Owner: postgres
--

CREATE SEQUENCE public.registro_profesional_id_profesional_seq
    AS integer
    START WITH 1
    INCREMENT BY 1
    NO MINVALUE
    NO MAXVALUE
    CACHE 1;


ALTER SEQUENCE public.registro_profesional_id_profesional_seq OWNER TO postgres;

--
-- TOC entry 5135 (class 0 OID 0)
-- Dependencies: 232
-- Name: registro_profesional_id_profesional_seq; Type: SEQUENCE OWNED BY; Schema: public; Owner: postgres
--

ALTER SEQUENCE public.registro_profesional_id_profesional_seq OWNED BY public.registro_profesional.id_profesional;


--
-- TOC entry 233 (class 1259 OID 32977)
-- Name: transferencia_paciente; Type: TABLE; Schema: public; Owner: postgres
--

CREATE TABLE public.transferencia_paciente (
    id_transferencia integer NOT NULL,
    desde_hospital integer,
    hacia_hospital integer,
    fecha_transferencia date,
    motivo text,
    id_paciente integer NOT NULL
);


ALTER TABLE public.transferencia_paciente OWNER TO postgres;

--
-- TOC entry 234 (class 1259 OID 32982)
-- Name: transferencia_paciente_id_transferencia_seq; Type: SEQUENCE; Schema: public; Owner: postgres
--

CREATE SEQUENCE public.transferencia_paciente_id_transferencia_seq
    AS integer
    START WITH 1
    INCREMENT BY 1
    NO MINVALUE
    NO MAXVALUE
    CACHE 1;


ALTER SEQUENCE public.transferencia_paciente_id_transferencia_seq OWNER TO postgres;

--
-- TOC entry 5136 (class 0 OID 0)
-- Dependencies: 234
-- Name: transferencia_paciente_id_transferencia_seq; Type: SEQUENCE OWNED BY; Schema: public; Owner: postgres
--

ALTER SEQUENCE public.transferencia_paciente_id_transferencia_seq OWNED BY public.transferencia_paciente.id_transferencia;


--
-- TOC entry 4831 (class 2604 OID 32983)
-- Name: consulta_externa id_consulta; Type: DEFAULT; Schema: public; Owner: postgres
--

ALTER TABLE ONLY public.consulta_externa ALTER COLUMN id_consulta SET DEFAULT nextval('public.consulta_externa_id_consulta_seq'::regclass);


--
-- TOC entry 4832 (class 2604 OID 32984)
-- Name: emergencia id_emergencia; Type: DEFAULT; Schema: public; Owner: postgres
--

ALTER TABLE ONLY public.emergencia ALTER COLUMN id_emergencia SET DEFAULT nextval('public.emergencia_id_emergencia_seq'::regclass);


--
-- TOC entry 4833 (class 2604 OID 32985)
-- Name: historial_clinico id_historial; Type: DEFAULT; Schema: public; Owner: postgres
--

ALTER TABLE ONLY public.historial_clinico ALTER COLUMN id_historial SET DEFAULT nextval('public.historial_clinico_id_historial_seq'::regclass);


--
-- TOC entry 4834 (class 2604 OID 32986)
-- Name: hospital id_hospital; Type: DEFAULT; Schema: public; Owner: postgres
--

ALTER TABLE ONLY public.hospital ALTER COLUMN id_hospital SET DEFAULT nextval('public.hospital_id_hospital_seq'::regclass);


--
-- TOC entry 4835 (class 2604 OID 32987)
-- Name: huella_dactilar id_huella; Type: DEFAULT; Schema: public; Owner: postgres
--

ALTER TABLE ONLY public.huella_dactilar ALTER COLUMN id_huella SET DEFAULT nextval('public.huella_dactilar_id_huella_seq'::regclass);


--
-- TOC entry 4837 (class 2604 OID 32988)
-- Name: internacion id_internacion; Type: DEFAULT; Schema: public; Owner: postgres
--

ALTER TABLE ONLY public.internacion ALTER COLUMN id_internacion SET DEFAULT nextval('public.internacion_id_internacion_seq'::regclass);


--
-- TOC entry 4838 (class 2604 OID 32989)
-- Name: registro_paciente id_paciente; Type: DEFAULT; Schema: public; Owner: postgres
--

ALTER TABLE ONLY public.registro_paciente ALTER COLUMN id_paciente SET DEFAULT nextval('public.registro_paciente_id_paciente_seq'::regclass);


--
-- TOC entry 4840 (class 2604 OID 32990)
-- Name: registro_profesional id_profesional; Type: DEFAULT; Schema: public; Owner: postgres
--

ALTER TABLE ONLY public.registro_profesional ALTER COLUMN id_profesional SET DEFAULT nextval('public.registro_profesional_id_profesional_seq'::regclass);


--
-- TOC entry 4843 (class 2604 OID 32991)
-- Name: transferencia_paciente id_transferencia; Type: DEFAULT; Schema: public; Owner: postgres
--

ALTER TABLE ONLY public.transferencia_paciente ALTER COLUMN id_transferencia SET DEFAULT nextval('public.transferencia_paciente_id_transferencia_seq'::regclass);


--
-- TOC entry 5111 (class 0 OID 33111)
-- Dependencies: 242
-- Data for Name: auth_group; Type: TABLE DATA; Schema: public; Owner: postgres
--

COPY public.auth_group (id, name) FROM stdin;
\.


--
-- TOC entry 5113 (class 0 OID 33119)
-- Dependencies: 244
-- Data for Name: auth_group_permissions; Type: TABLE DATA; Schema: public; Owner: postgres
--

COPY public.auth_group_permissions (id, group_id, permission_id) FROM stdin;
\.


--
-- TOC entry 5109 (class 0 OID 33105)
-- Dependencies: 240
-- Data for Name: auth_permission; Type: TABLE DATA; Schema: public; Owner: postgres
--

COPY public.auth_permission (id, name, content_type_id, codename) FROM stdin;
1	Can add log entry	1	add_logentry
2	Can change log entry	1	change_logentry
3	Can delete log entry	1	delete_logentry
4	Can view log entry	1	view_logentry
5	Can add permission	2	add_permission
6	Can change permission	2	change_permission
7	Can delete permission	2	delete_permission
8	Can view permission	2	view_permission
9	Can add group	3	add_group
10	Can change group	3	change_group
11	Can delete group	3	delete_group
12	Can view group	3	view_group
13	Can add user	4	add_user
14	Can change user	4	change_user
15	Can delete user	4	delete_user
16	Can view user	4	view_user
17	Can add content type	5	add_contenttype
18	Can change content type	5	change_contenttype
19	Can delete content type	5	delete_contenttype
20	Can view content type	5	view_contenttype
21	Can add session	6	add_session
22	Can change session	6	change_session
23	Can delete session	6	delete_session
24	Can view session	6	view_session
\.


--
-- TOC entry 5115 (class 0 OID 33125)
-- Dependencies: 246
-- Data for Name: auth_user; Type: TABLE DATA; Schema: public; Owner: postgres
--

COPY public.auth_user (id, password, last_login, is_superuser, username, first_name, last_name, email, is_staff, is_active, date_joined) FROM stdin;
\.


--
-- TOC entry 5117 (class 0 OID 33133)
-- Dependencies: 248
-- Data for Name: auth_user_groups; Type: TABLE DATA; Schema: public; Owner: postgres
--

COPY public.auth_user_groups (id, user_id, group_id) FROM stdin;
\.


--
-- TOC entry 5119 (class 0 OID 33139)
-- Dependencies: 250
-- Data for Name: auth_user_user_permissions; Type: TABLE DATA; Schema: public; Owner: postgres
--

COPY public.auth_user_user_permissions (id, user_id, permission_id) FROM stdin;
\.


--
-- TOC entry 5086 (class 0 OID 32929)
-- Dependencies: 217
-- Data for Name: consulta_externa; Type: TABLE DATA; Schema: public; Owner: postgres
--

COPY public.consulta_externa (id_consulta, id_paciente, id_profesional, temperatura, pulso, respiracion, presion_arterial, peso, fecha_consulta, hora_consulta, descripcion) FROM stdin;
\.


--
-- TOC entry 5121 (class 0 OID 33197)
-- Dependencies: 252
-- Data for Name: django_admin_log; Type: TABLE DATA; Schema: public; Owner: postgres
--

COPY public.django_admin_log (id, action_time, object_id, object_repr, action_flag, change_message, content_type_id, user_id) FROM stdin;
\.


--
-- TOC entry 5107 (class 0 OID 33097)
-- Dependencies: 238
-- Data for Name: django_content_type; Type: TABLE DATA; Schema: public; Owner: postgres
--

COPY public.django_content_type (id, app_label, model) FROM stdin;
1	admin	logentry
2	auth	permission
3	auth	group
4	auth	user
5	contenttypes	contenttype
6	sessions	session
\.


--
-- TOC entry 5105 (class 0 OID 33089)
-- Dependencies: 236
-- Data for Name: django_migrations; Type: TABLE DATA; Schema: public; Owner: postgres
--

COPY public.django_migrations (id, app, name, applied) FROM stdin;
1	contenttypes	0001_initial	2025-05-12 06:47:31.998733-04
2	auth	0001_initial	2025-05-12 06:47:32.145368-04
3	admin	0001_initial	2025-05-12 06:47:32.191965-04
4	admin	0002_logentry_remove_auto_add	2025-05-12 06:47:32.203867-04
5	admin	0003_logentry_add_action_flag_choices	2025-05-12 06:47:32.213477-04
6	contenttypes	0002_remove_content_type_name	2025-05-12 06:47:32.246298-04
7	auth	0002_alter_permission_name_max_length	2025-05-12 06:47:32.260865-04
8	auth	0003_alter_user_email_max_length	2025-05-12 06:47:32.276867-04
9	auth	0004_alter_user_username_opts	2025-05-12 06:47:32.288738-04
10	auth	0005_alter_user_last_login_null	2025-05-12 06:47:32.299888-04
11	auth	0006_require_contenttypes_0002	2025-05-12 06:47:32.303328-04
12	auth	0007_alter_validators_add_error_messages	2025-05-12 06:47:32.313381-04
13	auth	0008_alter_user_username_max_length	2025-05-12 06:47:32.338302-04
14	auth	0009_alter_user_last_name_max_length	2025-05-12 06:47:32.350294-04
15	auth	0010_alter_group_name_max_length	2025-05-12 06:47:32.365191-04
16	auth	0011_update_proxy_permissions	2025-05-12 06:47:32.375546-04
17	auth	0012_alter_user_first_name_max_length	2025-05-12 06:47:32.390639-04
18	sessions	0001_initial	2025-05-12 06:47:32.411954-04
\.


--
-- TOC entry 5122 (class 0 OID 33225)
-- Dependencies: 253
-- Data for Name: django_session; Type: TABLE DATA; Schema: public; Owner: postgres
--

COPY public.django_session (session_key, session_data, expire_date) FROM stdin;
x4qyqwaeomcf3135r6kichzvqfipwiz1	eyJ1c3VhcmlvX2lkIjoyLCJyb2wiOiJEb2N0b3IiLCJub21icmUiOiJFbGlhcyBUZXJyYXphcyBBenVyZHV5In0:1uF5kN:gowKIy38T7qQrAJDO-VUyiuKZjHn3BGoxmMYLZk3FU8	2025-05-28 02:37:43.724187-04
\.


--
-- TOC entry 5088 (class 0 OID 32935)
-- Dependencies: 219
-- Data for Name: emergencia; Type: TABLE DATA; Schema: public; Owner: postgres
--

COPY public.emergencia (id_emergencia, id_paciente, id_profesional, con_quien_llego, fecha, edad, temperatura, frecuencia_cardiaca, presion_arterial, frecuencia_respiratoria, descripcion) FROM stdin;
\.


--
-- TOC entry 5090 (class 0 OID 32941)
-- Dependencies: 221
-- Data for Name: historial_clinico; Type: TABLE DATA; Schema: public; Owner: postgres
--

COPY public.historial_clinico (id_historial, id_consulta_externa, id_emergencia, id_internacion) FROM stdin;
\.


--
-- TOC entry 5092 (class 0 OID 32945)
-- Dependencies: 223
-- Data for Name: hospital; Type: TABLE DATA; Schema: public; Owner: postgres
--

COPY public.hospital (id_hospital, nombre, nivel, ubicacion) FROM stdin;
1	Hospital de Yapacani	Nivel II	km-6/barrio Cochabamba
\.


--
-- TOC entry 5094 (class 0 OID 32951)
-- Dependencies: 225
-- Data for Name: huella_dactilar; Type: TABLE DATA; Schema: public; Owner: postgres
--

COPY public.huella_dactilar (id_huella, id_paciente, dedo, fecha_captura) FROM stdin;
\.


--
-- TOC entry 5096 (class 0 OID 32956)
-- Dependencies: 227
-- Data for Name: internacion; Type: TABLE DATA; Schema: public; Owner: postgres
--

COPY public.internacion (id_internacion, fecha_ingreso, fecha_alta, diagnostico, sala, cama, id_paciente, id_profesional) FROM stdin;
\.


--
-- TOC entry 5098 (class 0 OID 32962)
-- Dependencies: 229
-- Data for Name: registro_paciente; Type: TABLE DATA; Schema: public; Owner: postgres
--

COPY public.registro_paciente (id_paciente, idioma_hablado, cedula_identidad, nombres, apellidos, fecha_nacimiento, sexo, direccion, telefono, numero_emergencia, correo, grupo_sanguineo, alergias, enfermedades_base, fecha_registro, fecha_actualizacion) FROM stdin;
\.


--
-- TOC entry 5100 (class 0 OID 32969)
-- Dependencies: 231
-- Data for Name: registro_profesional; Type: TABLE DATA; Schema: public; Owner: postgres
--

COPY public.registro_profesional (id_profesional, nombres, apellidos, cedula_identidad, usuario, contrasena, especialidad, rol, activo, fecha_registro, id_hospital) FROM stdin;
2	Elias	Terrazas Azurduy	64454120	elias24	8954167	Medicina General	Doctor	t	2025-05-13 22:54:11.033305	1
\.


--
-- TOC entry 5102 (class 0 OID 32977)
-- Dependencies: 233
-- Data for Name: transferencia_paciente; Type: TABLE DATA; Schema: public; Owner: postgres
--

COPY public.transferencia_paciente (id_transferencia, desde_hospital, hacia_hospital, fecha_transferencia, motivo, id_paciente) FROM stdin;
\.


--
-- TOC entry 5137 (class 0 OID 0)
-- Dependencies: 241
-- Name: auth_group_id_seq; Type: SEQUENCE SET; Schema: public; Owner: postgres
--

SELECT pg_catalog.setval('public.auth_group_id_seq', 1, false);


--
-- TOC entry 5138 (class 0 OID 0)
-- Dependencies: 243
-- Name: auth_group_permissions_id_seq; Type: SEQUENCE SET; Schema: public; Owner: postgres
--

SELECT pg_catalog.setval('public.auth_group_permissions_id_seq', 1, false);


--
-- TOC entry 5139 (class 0 OID 0)
-- Dependencies: 239
-- Name: auth_permission_id_seq; Type: SEQUENCE SET; Schema: public; Owner: postgres
--

SELECT pg_catalog.setval('public.auth_permission_id_seq', 24, true);


--
-- TOC entry 5140 (class 0 OID 0)
-- Dependencies: 247
-- Name: auth_user_groups_id_seq; Type: SEQUENCE SET; Schema: public; Owner: postgres
--

SELECT pg_catalog.setval('public.auth_user_groups_id_seq', 1, false);


--
-- TOC entry 5141 (class 0 OID 0)
-- Dependencies: 245
-- Name: auth_user_id_seq; Type: SEQUENCE SET; Schema: public; Owner: postgres
--

SELECT pg_catalog.setval('public.auth_user_id_seq', 1, false);


--
-- TOC entry 5142 (class 0 OID 0)
-- Dependencies: 249
-- Name: auth_user_user_permissions_id_seq; Type: SEQUENCE SET; Schema: public; Owner: postgres
--

SELECT pg_catalog.setval('public.auth_user_user_permissions_id_seq', 1, false);


--
-- TOC entry 5143 (class 0 OID 0)
-- Dependencies: 218
-- Name: consulta_externa_id_consulta_seq; Type: SEQUENCE SET; Schema: public; Owner: postgres
--

SELECT pg_catalog.setval('public.consulta_externa_id_consulta_seq', 1, false);


--
-- TOC entry 5144 (class 0 OID 0)
-- Dependencies: 251
-- Name: django_admin_log_id_seq; Type: SEQUENCE SET; Schema: public; Owner: postgres
--

SELECT pg_catalog.setval('public.django_admin_log_id_seq', 1, false);


--
-- TOC entry 5145 (class 0 OID 0)
-- Dependencies: 237
-- Name: django_content_type_id_seq; Type: SEQUENCE SET; Schema: public; Owner: postgres
--

SELECT pg_catalog.setval('public.django_content_type_id_seq', 6, true);


--
-- TOC entry 5146 (class 0 OID 0)
-- Dependencies: 235
-- Name: django_migrations_id_seq; Type: SEQUENCE SET; Schema: public; Owner: postgres
--

SELECT pg_catalog.setval('public.django_migrations_id_seq', 18, true);


--
-- TOC entry 5147 (class 0 OID 0)
-- Dependencies: 220
-- Name: emergencia_id_emergencia_seq; Type: SEQUENCE SET; Schema: public; Owner: postgres
--

SELECT pg_catalog.setval('public.emergencia_id_emergencia_seq', 1, false);


--
-- TOC entry 5148 (class 0 OID 0)
-- Dependencies: 222
-- Name: historial_clinico_id_historial_seq; Type: SEQUENCE SET; Schema: public; Owner: postgres
--

SELECT pg_catalog.setval('public.historial_clinico_id_historial_seq', 1, false);


--
-- TOC entry 5149 (class 0 OID 0)
-- Dependencies: 224
-- Name: hospital_id_hospital_seq; Type: SEQUENCE SET; Schema: public; Owner: postgres
--

SELECT pg_catalog.setval('public.hospital_id_hospital_seq', 1, false);


--
-- TOC entry 5150 (class 0 OID 0)
-- Dependencies: 226
-- Name: huella_dactilar_id_huella_seq; Type: SEQUENCE SET; Schema: public; Owner: postgres
--

SELECT pg_catalog.setval('public.huella_dactilar_id_huella_seq', 1, false);


--
-- TOC entry 5151 (class 0 OID 0)
-- Dependencies: 228
-- Name: internacion_id_internacion_seq; Type: SEQUENCE SET; Schema: public; Owner: postgres
--

SELECT pg_catalog.setval('public.internacion_id_internacion_seq', 1, false);


--
-- TOC entry 5152 (class 0 OID 0)
-- Dependencies: 230
-- Name: registro_paciente_id_paciente_seq; Type: SEQUENCE SET; Schema: public; Owner: postgres
--

SELECT pg_catalog.setval('public.registro_paciente_id_paciente_seq', 1, false);


--
-- TOC entry 5153 (class 0 OID 0)
-- Dependencies: 232
-- Name: registro_profesional_id_profesional_seq; Type: SEQUENCE SET; Schema: public; Owner: postgres
--

SELECT pg_catalog.setval('public.registro_profesional_id_profesional_seq', 2, true);


--
-- TOC entry 5154 (class 0 OID 0)
-- Dependencies: 234
-- Name: transferencia_paciente_id_transferencia_seq; Type: SEQUENCE SET; Schema: public; Owner: postgres
--

SELECT pg_catalog.setval('public.transferencia_paciente_id_transferencia_seq', 1, false);


--
-- TOC entry 4884 (class 2606 OID 33223)
-- Name: auth_group auth_group_name_key; Type: CONSTRAINT; Schema: public; Owner: postgres
--

ALTER TABLE ONLY public.auth_group
    ADD CONSTRAINT auth_group_name_key UNIQUE (name);


--
-- TOC entry 4889 (class 2606 OID 33154)
-- Name: auth_group_permissions auth_group_permissions_group_id_permission_id_0cd325b0_uniq; Type: CONSTRAINT; Schema: public; Owner: postgres
--

ALTER TABLE ONLY public.auth_group_permissions
    ADD CONSTRAINT auth_group_permissions_group_id_permission_id_0cd325b0_uniq UNIQUE (group_id, permission_id);


--
-- TOC entry 4892 (class 2606 OID 33123)
-- Name: auth_group_permissions auth_group_permissions_pkey; Type: CONSTRAINT; Schema: public; Owner: postgres
--

ALTER TABLE ONLY public.auth_group_permissions
    ADD CONSTRAINT auth_group_permissions_pkey PRIMARY KEY (id);


--
-- TOC entry 4886 (class 2606 OID 33115)
-- Name: auth_group auth_group_pkey; Type: CONSTRAINT; Schema: public; Owner: postgres
--

ALTER TABLE ONLY public.auth_group
    ADD CONSTRAINT auth_group_pkey PRIMARY KEY (id);


--
-- TOC entry 4879 (class 2606 OID 33145)
-- Name: auth_permission auth_permission_content_type_id_codename_01ab375a_uniq; Type: CONSTRAINT; Schema: public; Owner: postgres
--

ALTER TABLE ONLY public.auth_permission
    ADD CONSTRAINT auth_permission_content_type_id_codename_01ab375a_uniq UNIQUE (content_type_id, codename);


--
-- TOC entry 4881 (class 2606 OID 33109)
-- Name: auth_permission auth_permission_pkey; Type: CONSTRAINT; Schema: public; Owner: postgres
--

ALTER TABLE ONLY public.auth_permission
    ADD CONSTRAINT auth_permission_pkey PRIMARY KEY (id);


--
-- TOC entry 4900 (class 2606 OID 33137)
-- Name: auth_user_groups auth_user_groups_pkey; Type: CONSTRAINT; Schema: public; Owner: postgres
--

ALTER TABLE ONLY public.auth_user_groups
    ADD CONSTRAINT auth_user_groups_pkey PRIMARY KEY (id);


--
-- TOC entry 4903 (class 2606 OID 33169)
-- Name: auth_user_groups auth_user_groups_user_id_group_id_94350c0c_uniq; Type: CONSTRAINT; Schema: public; Owner: postgres
--

ALTER TABLE ONLY public.auth_user_groups
    ADD CONSTRAINT auth_user_groups_user_id_group_id_94350c0c_uniq UNIQUE (user_id, group_id);


--
-- TOC entry 4894 (class 2606 OID 33129)
-- Name: auth_user auth_user_pkey; Type: CONSTRAINT; Schema: public; Owner: postgres
--

ALTER TABLE ONLY public.auth_user
    ADD CONSTRAINT auth_user_pkey PRIMARY KEY (id);


--
-- TOC entry 4906 (class 2606 OID 33143)
-- Name: auth_user_user_permissions auth_user_user_permissions_pkey; Type: CONSTRAINT; Schema: public; Owner: postgres
--

ALTER TABLE ONLY public.auth_user_user_permissions
    ADD CONSTRAINT auth_user_user_permissions_pkey PRIMARY KEY (id);


--
-- TOC entry 4909 (class 2606 OID 33183)
-- Name: auth_user_user_permissions auth_user_user_permissions_user_id_permission_id_14a6b632_uniq; Type: CONSTRAINT; Schema: public; Owner: postgres
--

ALTER TABLE ONLY public.auth_user_user_permissions
    ADD CONSTRAINT auth_user_user_permissions_user_id_permission_id_14a6b632_uniq UNIQUE (user_id, permission_id);


--
-- TOC entry 4897 (class 2606 OID 33218)
-- Name: auth_user auth_user_username_key; Type: CONSTRAINT; Schema: public; Owner: postgres
--

ALTER TABLE ONLY public.auth_user
    ADD CONSTRAINT auth_user_username_key UNIQUE (username);


--
-- TOC entry 4846 (class 2606 OID 32993)
-- Name: consulta_externa consulta_externa_pkey; Type: CONSTRAINT; Schema: public; Owner: postgres
--

ALTER TABLE ONLY public.consulta_externa
    ADD CONSTRAINT consulta_externa_pkey PRIMARY KEY (id_consulta);


--
-- TOC entry 4912 (class 2606 OID 33204)
-- Name: django_admin_log django_admin_log_pkey; Type: CONSTRAINT; Schema: public; Owner: postgres
--

ALTER TABLE ONLY public.django_admin_log
    ADD CONSTRAINT django_admin_log_pkey PRIMARY KEY (id);


--
-- TOC entry 4874 (class 2606 OID 33103)
-- Name: django_content_type django_content_type_app_label_model_76bd3d3b_uniq; Type: CONSTRAINT; Schema: public; Owner: postgres
--

ALTER TABLE ONLY public.django_content_type
    ADD CONSTRAINT django_content_type_app_label_model_76bd3d3b_uniq UNIQUE (app_label, model);


--
-- TOC entry 4876 (class 2606 OID 33101)
-- Name: django_content_type django_content_type_pkey; Type: CONSTRAINT; Schema: public; Owner: postgres
--

ALTER TABLE ONLY public.django_content_type
    ADD CONSTRAINT django_content_type_pkey PRIMARY KEY (id);


--
-- TOC entry 4872 (class 2606 OID 33095)
-- Name: django_migrations django_migrations_pkey; Type: CONSTRAINT; Schema: public; Owner: postgres
--

ALTER TABLE ONLY public.django_migrations
    ADD CONSTRAINT django_migrations_pkey PRIMARY KEY (id);


--
-- TOC entry 4916 (class 2606 OID 33231)
-- Name: django_session django_session_pkey; Type: CONSTRAINT; Schema: public; Owner: postgres
--

ALTER TABLE ONLY public.django_session
    ADD CONSTRAINT django_session_pkey PRIMARY KEY (session_key);


--
-- TOC entry 4848 (class 2606 OID 32995)
-- Name: emergencia emergencia_pkey; Type: CONSTRAINT; Schema: public; Owner: postgres
--

ALTER TABLE ONLY public.emergencia
    ADD CONSTRAINT emergencia_pkey PRIMARY KEY (id_emergencia);


--
-- TOC entry 4850 (class 2606 OID 32997)
-- Name: historial_clinico historial_clinico_pkey; Type: CONSTRAINT; Schema: public; Owner: postgres
--

ALTER TABLE ONLY public.historial_clinico
    ADD CONSTRAINT historial_clinico_pkey PRIMARY KEY (id_historial);


--
-- TOC entry 4852 (class 2606 OID 32999)
-- Name: hospital hospital_pkey; Type: CONSTRAINT; Schema: public; Owner: postgres
--

ALTER TABLE ONLY public.hospital
    ADD CONSTRAINT hospital_pkey PRIMARY KEY (id_hospital);


--
-- TOC entry 4854 (class 2606 OID 33001)
-- Name: huella_dactilar huella_dactilar_id_paciente_dedo_key; Type: CONSTRAINT; Schema: public; Owner: postgres
--

ALTER TABLE ONLY public.huella_dactilar
    ADD CONSTRAINT huella_dactilar_id_paciente_dedo_key UNIQUE (id_paciente, dedo);


--
-- TOC entry 4856 (class 2606 OID 33003)
-- Name: huella_dactilar huella_dactilar_pkey; Type: CONSTRAINT; Schema: public; Owner: postgres
--

ALTER TABLE ONLY public.huella_dactilar
    ADD CONSTRAINT huella_dactilar_pkey PRIMARY KEY (id_huella);


--
-- TOC entry 4858 (class 2606 OID 33005)
-- Name: internacion internacion_pkey; Type: CONSTRAINT; Schema: public; Owner: postgres
--

ALTER TABLE ONLY public.internacion
    ADD CONSTRAINT internacion_pkey PRIMARY KEY (id_internacion);


--
-- TOC entry 4860 (class 2606 OID 33007)
-- Name: registro_paciente registro_paciente_cedula_identidad_key; Type: CONSTRAINT; Schema: public; Owner: postgres
--

ALTER TABLE ONLY public.registro_paciente
    ADD CONSTRAINT registro_paciente_cedula_identidad_key UNIQUE (cedula_identidad);


--
-- TOC entry 4862 (class 2606 OID 33009)
-- Name: registro_paciente registro_paciente_pkey; Type: CONSTRAINT; Schema: public; Owner: postgres
--

ALTER TABLE ONLY public.registro_paciente
    ADD CONSTRAINT registro_paciente_pkey PRIMARY KEY (id_paciente);


--
-- TOC entry 4864 (class 2606 OID 33011)
-- Name: registro_profesional registro_profesional_cedula_identidad_key; Type: CONSTRAINT; Schema: public; Owner: postgres
--

ALTER TABLE ONLY public.registro_profesional
    ADD CONSTRAINT registro_profesional_cedula_identidad_key UNIQUE (cedula_identidad);


--
-- TOC entry 4866 (class 2606 OID 33013)
-- Name: registro_profesional registro_profesional_pkey; Type: CONSTRAINT; Schema: public; Owner: postgres
--

ALTER TABLE ONLY public.registro_profesional
    ADD CONSTRAINT registro_profesional_pkey PRIMARY KEY (id_profesional);


--
-- TOC entry 4868 (class 2606 OID 33015)
-- Name: registro_profesional registro_profesional_usuario_key; Type: CONSTRAINT; Schema: public; Owner: postgres
--

ALTER TABLE ONLY public.registro_profesional
    ADD CONSTRAINT registro_profesional_usuario_key UNIQUE (usuario);


--
-- TOC entry 4870 (class 2606 OID 33017)
-- Name: transferencia_paciente transferencia_paciente_pkey; Type: CONSTRAINT; Schema: public; Owner: postgres
--

ALTER TABLE ONLY public.transferencia_paciente
    ADD CONSTRAINT transferencia_paciente_pkey PRIMARY KEY (id_transferencia);


--
-- TOC entry 4882 (class 1259 OID 33224)
-- Name: auth_group_name_a6ea08ec_like; Type: INDEX; Schema: public; Owner: postgres
--

CREATE INDEX auth_group_name_a6ea08ec_like ON public.auth_group USING btree (name varchar_pattern_ops);


--
-- TOC entry 4887 (class 1259 OID 33165)
-- Name: auth_group_permissions_group_id_b120cbf9; Type: INDEX; Schema: public; Owner: postgres
--

CREATE INDEX auth_group_permissions_group_id_b120cbf9 ON public.auth_group_permissions USING btree (group_id);


--
-- TOC entry 4890 (class 1259 OID 33166)
-- Name: auth_group_permissions_permission_id_84c5c92e; Type: INDEX; Schema: public; Owner: postgres
--

CREATE INDEX auth_group_permissions_permission_id_84c5c92e ON public.auth_group_permissions USING btree (permission_id);


--
-- TOC entry 4877 (class 1259 OID 33151)
-- Name: auth_permission_content_type_id_2f476e4b; Type: INDEX; Schema: public; Owner: postgres
--

CREATE INDEX auth_permission_content_type_id_2f476e4b ON public.auth_permission USING btree (content_type_id);


--
-- TOC entry 4898 (class 1259 OID 33181)
-- Name: auth_user_groups_group_id_97559544; Type: INDEX; Schema: public; Owner: postgres
--

CREATE INDEX auth_user_groups_group_id_97559544 ON public.auth_user_groups USING btree (group_id);


--
-- TOC entry 4901 (class 1259 OID 33180)
-- Name: auth_user_groups_user_id_6a12ed8b; Type: INDEX; Schema: public; Owner: postgres
--

CREATE INDEX auth_user_groups_user_id_6a12ed8b ON public.auth_user_groups USING btree (user_id);


--
-- TOC entry 4904 (class 1259 OID 33195)
-- Name: auth_user_user_permissions_permission_id_1fbb5f2c; Type: INDEX; Schema: public; Owner: postgres
--

CREATE INDEX auth_user_user_permissions_permission_id_1fbb5f2c ON public.auth_user_user_permissions USING btree (permission_id);


--
-- TOC entry 4907 (class 1259 OID 33194)
-- Name: auth_user_user_permissions_user_id_a95ead1b; Type: INDEX; Schema: public; Owner: postgres
--

CREATE INDEX auth_user_user_permissions_user_id_a95ead1b ON public.auth_user_user_permissions USING btree (user_id);


--
-- TOC entry 4895 (class 1259 OID 33219)
-- Name: auth_user_username_6821ab7c_like; Type: INDEX; Schema: public; Owner: postgres
--

CREATE INDEX auth_user_username_6821ab7c_like ON public.auth_user USING btree (username varchar_pattern_ops);


--
-- TOC entry 4910 (class 1259 OID 33215)
-- Name: django_admin_log_content_type_id_c4bce8eb; Type: INDEX; Schema: public; Owner: postgres
--

CREATE INDEX django_admin_log_content_type_id_c4bce8eb ON public.django_admin_log USING btree (content_type_id);


--
-- TOC entry 4913 (class 1259 OID 33216)
-- Name: django_admin_log_user_id_c564eba6; Type: INDEX; Schema: public; Owner: postgres
--

CREATE INDEX django_admin_log_user_id_c564eba6 ON public.django_admin_log USING btree (user_id);


--
-- TOC entry 4914 (class 1259 OID 33233)
-- Name: django_session_expire_date_a5c62663; Type: INDEX; Schema: public; Owner: postgres
--

CREATE INDEX django_session_expire_date_a5c62663 ON public.django_session USING btree (expire_date);


--
-- TOC entry 4917 (class 1259 OID 33232)
-- Name: django_session_session_key_c0390e0f_like; Type: INDEX; Schema: public; Owner: postgres
--

CREATE INDEX django_session_session_key_c0390e0f_like ON public.django_session USING btree (session_key varchar_pattern_ops);


--
-- TOC entry 4933 (class 2606 OID 33160)
-- Name: auth_group_permissions auth_group_permissio_permission_id_84c5c92e_fk_auth_perm; Type: FK CONSTRAINT; Schema: public; Owner: postgres
--

ALTER TABLE ONLY public.auth_group_permissions
    ADD CONSTRAINT auth_group_permissio_permission_id_84c5c92e_fk_auth_perm FOREIGN KEY (permission_id) REFERENCES public.auth_permission(id) DEFERRABLE INITIALLY DEFERRED;


--
-- TOC entry 4934 (class 2606 OID 33155)
-- Name: auth_group_permissions auth_group_permissions_group_id_b120cbf9_fk_auth_group_id; Type: FK CONSTRAINT; Schema: public; Owner: postgres
--

ALTER TABLE ONLY public.auth_group_permissions
    ADD CONSTRAINT auth_group_permissions_group_id_b120cbf9_fk_auth_group_id FOREIGN KEY (group_id) REFERENCES public.auth_group(id) DEFERRABLE INITIALLY DEFERRED;


--
-- TOC entry 4932 (class 2606 OID 33146)
-- Name: auth_permission auth_permission_content_type_id_2f476e4b_fk_django_co; Type: FK CONSTRAINT; Schema: public; Owner: postgres
--

ALTER TABLE ONLY public.auth_permission
    ADD CONSTRAINT auth_permission_content_type_id_2f476e4b_fk_django_co FOREIGN KEY (content_type_id) REFERENCES public.django_content_type(id) DEFERRABLE INITIALLY DEFERRED;


--
-- TOC entry 4935 (class 2606 OID 33175)
-- Name: auth_user_groups auth_user_groups_group_id_97559544_fk_auth_group_id; Type: FK CONSTRAINT; Schema: public; Owner: postgres
--

ALTER TABLE ONLY public.auth_user_groups
    ADD CONSTRAINT auth_user_groups_group_id_97559544_fk_auth_group_id FOREIGN KEY (group_id) REFERENCES public.auth_group(id) DEFERRABLE INITIALLY DEFERRED;


--
-- TOC entry 4936 (class 2606 OID 33170)
-- Name: auth_user_groups auth_user_groups_user_id_6a12ed8b_fk_auth_user_id; Type: FK CONSTRAINT; Schema: public; Owner: postgres
--

ALTER TABLE ONLY public.auth_user_groups
    ADD CONSTRAINT auth_user_groups_user_id_6a12ed8b_fk_auth_user_id FOREIGN KEY (user_id) REFERENCES public.auth_user(id) DEFERRABLE INITIALLY DEFERRED;


--
-- TOC entry 4937 (class 2606 OID 33189)
-- Name: auth_user_user_permissions auth_user_user_permi_permission_id_1fbb5f2c_fk_auth_perm; Type: FK CONSTRAINT; Schema: public; Owner: postgres
--

ALTER TABLE ONLY public.auth_user_user_permissions
    ADD CONSTRAINT auth_user_user_permi_permission_id_1fbb5f2c_fk_auth_perm FOREIGN KEY (permission_id) REFERENCES public.auth_permission(id) DEFERRABLE INITIALLY DEFERRED;


--
-- TOC entry 4938 (class 2606 OID 33184)
-- Name: auth_user_user_permissions auth_user_user_permissions_user_id_a95ead1b_fk_auth_user_id; Type: FK CONSTRAINT; Schema: public; Owner: postgres
--

ALTER TABLE ONLY public.auth_user_user_permissions
    ADD CONSTRAINT auth_user_user_permissions_user_id_a95ead1b_fk_auth_user_id FOREIGN KEY (user_id) REFERENCES public.auth_user(id) DEFERRABLE INITIALLY DEFERRED;


--
-- TOC entry 4939 (class 2606 OID 33205)
-- Name: django_admin_log django_admin_log_content_type_id_c4bce8eb_fk_django_co; Type: FK CONSTRAINT; Schema: public; Owner: postgres
--

ALTER TABLE ONLY public.django_admin_log
    ADD CONSTRAINT django_admin_log_content_type_id_c4bce8eb_fk_django_co FOREIGN KEY (content_type_id) REFERENCES public.django_content_type(id) DEFERRABLE INITIALLY DEFERRED;


--
-- TOC entry 4940 (class 2606 OID 33210)
-- Name: django_admin_log django_admin_log_user_id_c564eba6_fk_auth_user_id; Type: FK CONSTRAINT; Schema: public; Owner: postgres
--

ALTER TABLE ONLY public.django_admin_log
    ADD CONSTRAINT django_admin_log_user_id_c564eba6_fk_auth_user_id FOREIGN KEY (user_id) REFERENCES public.auth_user(id) DEFERRABLE INITIALLY DEFERRED;


--
-- TOC entry 4922 (class 2606 OID 33018)
-- Name: historial_clinico fk_consulta; Type: FK CONSTRAINT; Schema: public; Owner: postgres
--

ALTER TABLE ONLY public.historial_clinico
    ADD CONSTRAINT fk_consulta FOREIGN KEY (id_consulta_externa) REFERENCES public.consulta_externa(id_consulta);


--
-- TOC entry 4929 (class 2606 OID 33023)
-- Name: transferencia_paciente fk_desde; Type: FK CONSTRAINT; Schema: public; Owner: postgres
--

ALTER TABLE ONLY public.transferencia_paciente
    ADD CONSTRAINT fk_desde FOREIGN KEY (desde_hospital) REFERENCES public.hospital(id_hospital);


--
-- TOC entry 4923 (class 2606 OID 33028)
-- Name: historial_clinico fk_emergencia; Type: FK CONSTRAINT; Schema: public; Owner: postgres
--

ALTER TABLE ONLY public.historial_clinico
    ADD CONSTRAINT fk_emergencia FOREIGN KEY (id_emergencia) REFERENCES public.emergencia(id_emergencia);


--
-- TOC entry 4930 (class 2606 OID 33033)
-- Name: transferencia_paciente fk_hacia; Type: FK CONSTRAINT; Schema: public; Owner: postgres
--

ALTER TABLE ONLY public.transferencia_paciente
    ADD CONSTRAINT fk_hacia FOREIGN KEY (hacia_hospital) REFERENCES public.hospital(id_hospital);


--
-- TOC entry 4924 (class 2606 OID 33038)
-- Name: historial_clinico fk_internacion; Type: FK CONSTRAINT; Schema: public; Owner: postgres
--

ALTER TABLE ONLY public.historial_clinico
    ADD CONSTRAINT fk_internacion FOREIGN KEY (id_internacion) REFERENCES public.internacion(id_internacion);


--
-- TOC entry 4918 (class 2606 OID 33043)
-- Name: consulta_externa fk_paciente_consulta; Type: FK CONSTRAINT; Schema: public; Owner: postgres
--

ALTER TABLE ONLY public.consulta_externa
    ADD CONSTRAINT fk_paciente_consulta FOREIGN KEY (id_paciente) REFERENCES public.registro_paciente(id_paciente);


--
-- TOC entry 4920 (class 2606 OID 33048)
-- Name: emergencia fk_paciente_emergencia; Type: FK CONSTRAINT; Schema: public; Owner: postgres
--

ALTER TABLE ONLY public.emergencia
    ADD CONSTRAINT fk_paciente_emergencia FOREIGN KEY (id_paciente) REFERENCES public.registro_paciente(id_paciente);


--
-- TOC entry 4925 (class 2606 OID 33053)
-- Name: huella_dactilar fk_paciente_huella; Type: FK CONSTRAINT; Schema: public; Owner: postgres
--

ALTER TABLE ONLY public.huella_dactilar
    ADD CONSTRAINT fk_paciente_huella FOREIGN KEY (id_paciente) REFERENCES public.registro_paciente(id_paciente);


--
-- TOC entry 4926 (class 2606 OID 33058)
-- Name: internacion fk_paciente_internacion; Type: FK CONSTRAINT; Schema: public; Owner: postgres
--

ALTER TABLE ONLY public.internacion
    ADD CONSTRAINT fk_paciente_internacion FOREIGN KEY (id_paciente) REFERENCES public.registro_paciente(id_paciente);


--
-- TOC entry 4931 (class 2606 OID 33063)
-- Name: transferencia_paciente fk_paciente_transferencia; Type: FK CONSTRAINT; Schema: public; Owner: postgres
--

ALTER TABLE ONLY public.transferencia_paciente
    ADD CONSTRAINT fk_paciente_transferencia FOREIGN KEY (id_paciente) REFERENCES public.registro_paciente(id_paciente);


--
-- TOC entry 4919 (class 2606 OID 33068)
-- Name: consulta_externa fk_profesional_consulta; Type: FK CONSTRAINT; Schema: public; Owner: postgres
--

ALTER TABLE ONLY public.consulta_externa
    ADD CONSTRAINT fk_profesional_consulta FOREIGN KEY (id_profesional) REFERENCES public.registro_profesional(id_profesional);


--
-- TOC entry 4921 (class 2606 OID 33073)
-- Name: emergencia fk_profesional_emergencia; Type: FK CONSTRAINT; Schema: public; Owner: postgres
--

ALTER TABLE ONLY public.emergencia
    ADD CONSTRAINT fk_profesional_emergencia FOREIGN KEY (id_profesional) REFERENCES public.registro_profesional(id_profesional);


--
-- TOC entry 4928 (class 2606 OID 33078)
-- Name: registro_profesional fk_profesional_hospital; Type: FK CONSTRAINT; Schema: public; Owner: postgres
--

ALTER TABLE ONLY public.registro_profesional
    ADD CONSTRAINT fk_profesional_hospital FOREIGN KEY (id_hospital) REFERENCES public.hospital(id_hospital);


--
-- TOC entry 4927 (class 2606 OID 33083)
-- Name: internacion fk_profesional_internacion; Type: FK CONSTRAINT; Schema: public; Owner: postgres
--

ALTER TABLE ONLY public.internacion
    ADD CONSTRAINT fk_profesional_internacion FOREIGN KEY (id_profesional) REFERENCES public.registro_profesional(id_profesional);


-- Completed on 2025-05-14 02:46:11

--
-- PostgreSQL database dump complete
--

